instrument_type,region,universe,delay,neutralization,dataset_count,field_coverage_status,coverage_status,last_verified_at
EQUITY,ASI,ILLIQUID_MINVOL1M,1,NONE,155,MISSING,DATASET_ONLY,2026-07-18T03:00:05Z
EQUITY,ASI,ILLIQUID_MINVOL1M,1,REVERSION_AND_MOMENTUM,155,MISSING,DATASET_ONLY,2026-07-18T03:00:05Z
EQUITY,ASI,ILLIQUID_MINVOL1M,1,STATISTICAL,155,MISSING,DATASET_ONLY,2026-07-18T03:00:05Z
EQUITY,ASI,ILLIQUID_MINVOL1M,1,CROWDING,155,MISSING,DATASET_ONLY,2026-07-18T03:00:05Z
EQUITY,ASI,ILLIQUID_MINVOL1M,1,FAST,155,MISSING,DATASET_ONLY,2026-07-18T03:00:05Z
EQUITY,ASI,ILLIQUID_MINVOL1M,1,SLOW,155,MISSING,DATASET_ONLY,2026-07-18T03:00:05Z
EQUITY,ASI,ILLIQUID_MINVOL1M,1,MARKET,155,MISSING,DATASET_ONLY,2026-07-18T03:00:05Z
EQUITY,ASI,ILLIQUID_MINVOL1M,1,SECTOR,155,MISSING,DATASET_ONLY,2026-07-18T03:00:05Z
EQUITY,ASI,ILLIQUID_MINVOL1M,1,INDUSTRY,155,MISSING,DATASET_ONLY,2026-07-18T03:00:05Z
EQUITY,ASI,ILLIQUID_MINVOL1M,1,SUBINDUSTRY,155,MISSING,DATASET_ONLY,2026-07-18T03:00:05Z
EQUITY,ASI,ILLIQUID_MINVOL1M,1,COUNTRY,155,MISSING,DATASET_ONLY,2026-07-18T03:00:05Z
EQUITY,ASI,ILLIQUID_MINVOL1M,1,SLOW_AND_FAST,155,MISSING,DATASET_ONLY,2026-07-18T03:00:05Z
EQUITY,ASI,MINVOL10M,1,NONE,161,MISSING,DATASET_ONLY,2026-07-18T03:00:05Z
EQUITY,ASI,MINVOL10M,1,REVERSION_AND_MOMENTUM,161,MISSING,DATASET_ONLY,2026-07-18T03:00:05Z
EQUITY,ASI,MINVOL10M,1,STATISTICAL,161,MISSING,DATASET_ONLY,2026-07-18T03:00:05Z
EQUITY,ASI,MINVOL10M,1,CROWDING,161,MISSING,DATASET_ONLY,2026-07-18T03:00:05Z
EQUITY,ASI,MINVOL10M,1,FAST,161,MISSING,DATASET_ONLY,2026-07-18T03:00:05Z
EQUITY,ASI,MINVOL10M,1,SLOW,161,MISSING,DATASET_ONLY,2026-07-18T03:00:05Z
EQUITY,ASI,MINVOL10M,1,MARKET,161,MISSING,DATASET_ONLY,2026-07-18T03:00:05Z
EQUITY,ASI,MINVOL10M,1,SECTOR,161,MISSING,DATASET_ONLY,2026-07-18T03:00:05Z
EQUITY,ASI,MINVOL10M,1,INDUSTRY,161,MISSING,DATASET_ONLY,2026-07-18T03:00:05Z
EQUITY,ASI,MINVOL10M,1,SUBINDUSTRY,161,MISSING,DATASET_ONLY,2026-07-18T03:00:05Z
EQUITY,ASI,MINVOL10M,1,COUNTRY,161,MISSING,DATASET_ONLY,2026-07-18T03:00:05Z
EQUITY,ASI,MINVOL10M,1,SLOW_AND_FAST,161,MISSING,DATASET_ONLY,2026-07-18T03:00:05Z
EQUITY,ASI,MINVOL1M,1,NONE,161,MISSING,DATASET_ONLY,2026-07-18T03:00:05Z
EQUITY,ASI,MINVOL1M,1,REVERSION_AND_MOMENTUM,161,MISSING,DATASET_ONLY,2026-07-18T03:00:05Z
EQUITY,ASI,MINVOL1M,1,STATISTICAL,161,MISSING,DATASET_ONLY,2026-07-18T03:00:05Z
EQUITY,ASI,MINVOL1M,1,CROWDING,161,MISSING,DATASET_ONLY,2026-07-18T03:00:05Z
EQUITY,ASI,MINVOL1M,1,FAST,161,MISSING,DATASET_ONLY,2026-07-18T03:00:05Z
EQUITY,ASI,MINVOL1M,1,SLOW,161,MISSING,DATASET_ONLY,2026-07-18T03:00:05Z
EQUITY,ASI,MINVOL1M,1,MARKET,161,MISSING,DATASET_ONLY,2026-07-18T03:00:05Z
EQUITY,ASI,MINVOL1M,1,SECTOR,161,MISSING,DATASET_ONLY,2026-07-18T03:00:05Z
EQUITY,ASI,MINVOL1M,1,INDUSTRY,161,MISSING,DATASET_ONLY,2026-07-18T03:00:05Z
EQUITY,ASI,MINVOL1M,1,SUBINDUSTRY,161,MISSING,DATASET_ONLY,2026-07-18T03:00:05Z
EQUITY,ASI,MINVOL1M,1,COUNTRY,161,MISSING,DATASET_ONLY,2026-07-18T03:00:05Z
EQUITY,ASI,MINVOL1M,1,SLOW_AND_FAST,161,MISSING,DATASET_ONLY,2026-07-18T03:00:05Z
EQUITY,ASI,TOP500,1,NONE,161,MISSING,DATASET_ONLY,2026-07-18T03:00:05Z
EQUITY,ASI,TOP500,1,REVERSION_AND_MOMENTUM,161,MISSING,DATASET_ONLY,2026-07-18T03:00:05Z
EQUITY,ASI,TOP500,1,STATISTICAL,161,MISSING,DATASET_ONLY,2026-07-18T03:00:05Z
EQUITY,ASI,TOP500,1,CROWDING,161,MISSING,DATASET_ONLY,2026-07-18T03:00:05Z
EQUITY,ASI,TOP500,1,FAST,161,MISSING,DATASET_ONLY,2026-07-18T03:00:05Z
EQUITY,ASI,TOP500,1,SLOW,161,MISSING,DATASET_ONLY,2026-07-18T03:00:05Z
EQUITY,ASI,TOP500,1,MARKET,161,MISSING,DATASET_ONLY,2026-07-18T03:00:05Z
EQUITY,ASI,TOP500,1,SECTOR,161,MISSING,DATASET_ONLY,2026-07-18T03:00:05Z
EQUITY,ASI,TOP500,1,INDUSTRY,161,MISSING,DATASET_ONLY,2026-07-18T03:00:05Z
EQUITY,ASI,TOP500,1,SUBINDUSTRY,161,MISSING,DATASET_ONLY,2026-07-18T03:00:05Z
EQUITY,ASI,TOP500,1,COUNTRY,161,MISSING,DATASET_ONLY,2026-07-18T03:00:05Z
EQUITY,ASI,TOP500,1,SLOW_AND_FAST,161,MISSING,DATASET_ONLY,2026-07-18T03:00:05Z
EQUITY,CHN,TOP2000U,0,NONE,28,MISSING,DATASET_ONLY,2026-07-18T03:00:05Z
EQUITY,CHN,TOP2000U,0,REVERSION_AND_MOMENTUM,28,MISSING,DATASET_ONLY,2026-07-18T03:00:05Z
EQUITY,CHN,TOP2000U,0,STATISTICAL,28,MISSING,DATASET_ONLY,2026-07-18T03:00:05Z
EQUITY,CHN,TOP2000U,0,CROWDING,28,MISSING,DATASET_ONLY,2026-07-18T03:00:05Z
EQUITY,CHN,TOP2000U,0,FAST,28,MISSING,DATASET_ONLY,2026-07-18T03:00:05Z
EQUITY,CHN,TOP2000U,0,SLOW,28,MISSING,DATASET_ONLY,2026-07-18T03:00:05Z
EQUITY,CHN,TOP2000U,0,MARKET,28,MISSING,DATASET_ONLY,2026-07-18T03:00:05Z
EQUITY,CHN,TOP2000U,0,SECTOR,28,MISSING,DATASET_ONLY,2026-07-18T03:00:05Z
EQUITY,CHN,TOP2000U,0,INDUSTRY,28,MISSING,DATASET_ONLY,2026-07-18T03:00:05Z
EQUITY,CHN,TOP2000U,0,SUBINDUSTRY,28,MISSING,DATASET_ONLY,2026-07-18T03:00:05Z
EQUITY,CHN,TOP2000U,0,SLOW_AND_FAST,28,MISSING,DATASET_ONLY,2026-07-18T03:00:05Z
EQUITY,CHN,TOP2000U,1,NONE,75,MISSING,DATASET_ONLY,2026-07-18T03:00:05Z
EQUITY,CHN,TOP2000U,1,REVERSION_AND_MOMENTUM,75,MISSING,DATASET_ONLY,2026-07-18T03:00:05Z
EQUITY,CHN,TOP2000U,1,STATISTICAL,75,MISSING,DATASET_ONLY,2026-07-18T03:00:05Z
EQUITY,CHN,TOP2000U,1,CROWDING,75,MISSING,DATASET_ONLY,2026-07-18T03:00:05Z
EQUITY,CHN,TOP2000U,1,FAST,75,MISSING,DATASET_ONLY,2026-07-18T03:00:05Z
EQUITY,CHN,TOP2000U,1,SLOW,75,MISSING,DATASET_ONLY,2026-07-18T03:00:05Z
EQUITY,CHN,TOP2000U,1,MARKET,75,MISSING,DATASET_ONLY,2026-07-18T03:00:05Z
EQUITY,CHN,TOP2000U,1,SECTOR,75,MISSING,DATASET_ONLY,2026-07-18T03:00:05Z
EQUITY,CHN,TOP2000U,1,INDUSTRY,75,MISSING,DATASET_ONLY,2026-07-18T03:00:05Z
EQUITY,CHN,TOP2000U,1,SUBINDUSTRY,75,MISSING,DATASET_ONLY,2026-07-18T03:00:05Z
EQUITY,CHN,TOP2000U,1,SLOW_AND_FAST,75,MISSING,DATASET_ONLY,2026-07-18T03:00:05Z
EQUITY,EUR,ILLIQUID_MINVOL1M,0,NONE,76,MISSING,DATASET_ONLY,2026-07-18T03:00:05Z
EQUITY,EUR,ILLIQUID_MINVOL1M,0,REVERSION_AND_MOMENTUM,76,MISSING,DATASET_ONLY,2026-07-18T03:00:05Z
EQUITY,EUR,ILLIQUID_MINVOL1M,0,STATISTICAL,76,MISSING,DATASET_ONLY,2026-07-18T03:00:05Z
EQUITY,EUR,ILLIQUID_MINVOL1M,0,CROWDING,76,MISSING,DATASET_ONLY,2026-07-18T03:00:05Z
EQUITY,EUR,ILLIQUID_MINVOL1M,0,FAST,76,MISSING,DATASET_ONLY,2026-07-18T03:00:05Z
EQUITY,EUR,ILLIQUID_MINVOL1M,0,SLOW,76,MISSING,DATASET_ONLY,2026-07-18T03:00:05Z
EQUITY,EUR,ILLIQUID_MINVOL1M,0,MARKET,76,MISSING,DATASET_ONLY,2026-07-18T03:00:05Z
EQUITY,EUR,ILLIQUID_MINVOL1M,0,SECTOR,76,MISSING,DATASET_ONLY,2026-07-18T03:00:05Z
EQUITY,EUR,ILLIQUID_MINVOL1M,0,INDUSTRY,76,MISSING,DATASET_ONLY,2026-07-18T03:00:05Z
EQUITY,EUR,ILLIQUID_MINVOL1M,0,SUBINDUSTRY,76,MISSING,DATASET_ONLY,2026-07-18T03:00:05Z
EQUITY,EUR,ILLIQUID_MINVOL1M,0,COUNTRY,76,MISSING,DATASET_ONLY,2026-07-18T03:00:05Z
EQUITY,EUR,ILLIQUID_MINVOL1M,0,SLOW_AND_FAST,76,MISSING,DATASET_ONLY,2026-07-18T03:00:05Z
EQUITY,EUR,TOP1200,0,NONE,78,MISSING,DATASET_ONLY,2026-07-18T03:00:05Z
EQUITY,EUR,TOP1200,0,REVERSION_AND_MOMENTUM,78,MISSING,DATASET_ONLY,2026-07-18T03:00:05Z
EQUITY,EUR,TOP1200,0,STATISTICAL,78,MISSING,DATASET_ONLY,2026-07-18T03:00:05Z
EQUITY,EUR,TOP1200,0,CROWDING,78,MISSING,DATASET_ONLY,2026-07-18T03:00:05Z
EQUITY,EUR,TOP1200,0,FAST,78,MISSING,DATASET_ONLY,2026-07-18T03:00:05Z
EQUITY,EUR,TOP1200,0,SLOW,78,MISSING,DATASET_ONLY,2026-07-18T03:00:05Z
EQUITY,EUR,TOP1200,0,MARKET,78,MISSING,DATASET_ONLY,2026-07-18T03:00:05Z
EQUITY,EUR,TOP1200,0,SECTOR,78,MISSING,DATASET_ONLY,2026-07-18T03:00:05Z
EQUITY,EUR,TOP1200,0,INDUSTRY,78,MISSING,DATASET_ONLY,2026-07-18T03:00:05Z
EQUITY,EUR,TOP1200,0,SUBINDUSTRY,78,MISSING,DATASET_ONLY,2026-07-18T03:00:05Z
EQUITY,EUR,TOP1200,0,COUNTRY,78,MISSING,DATASET_ONLY,2026-07-18T03:00:05Z
EQUITY,EUR,TOP1200,0,SLOW_AND_FAST,78,MISSING,DATASET_ONLY,2026-07-18T03:00:05Z
EQUITY,EUR,TOP2500,0,NONE,78,MISSING,DATASET_ONLY,2026-07-18T03:00:05Z
EQUITY,EUR,TOP2500,0,REVERSION_AND_MOMENTUM,78,MISSING,DATASET_ONLY,2026-07-18T03:00:05Z
EQUITY,EUR,TOP2500,0,STATISTICAL,78,MISSING,DATASET_ONLY,2026-07-18T03:00:05Z
EQUITY,EUR,TOP2500,0,CROWDING,78,MISSING,DATASET_ONLY,2026-07-18T03:00:05Z
EQUITY,EUR,TOP2500,0,FAST,78,MISSING,DATASET_ONLY,2026-07-18T03:00:05Z
EQUITY,EUR,TOP2500,0,SLOW,78,MISSING,DATASET_ONLY,2026-07-18T03:00:05Z
EQUITY,EUR,TOP2500,0,MARKET,78,MISSING,DATASET_ONLY,2026-07-18T03:00:05Z
EQUITY,EUR,TOP2500,0,SECTOR,78,MISSING,DATASET_ONLY,2026-07-18T03:00:05Z
EQUITY,EUR,TOP2500,0,INDUSTRY,78,MISSING,DATASET_ONLY,2026-07-18T03:00:05Z
EQUITY,EUR,TOP2500,0,SUBINDUSTRY,78,MISSING,DATASET_ONLY,2026-07-18T03:00:05Z
EQUITY,EUR,TOP2500,0,COUNTRY,78,MISSING,DATASET_ONLY,2026-07-18T03:00:05Z
EQUITY,EUR,TOP2500,0,SLOW_AND_FAST,78,MISSING,DATASET_ONLY,2026-07-18T03:00:05Z
EQUITY,EUR,TOP400,0,NONE,78,MISSING,DATASET_ONLY,2026-07-18T03:00:05Z
EQUITY,EUR,TOP400,0,REVERSION_AND_MOMENTUM,78,MISSING,DATASET_ONLY,2026-07-18T03:00:05Z
EQUITY,EUR,TOP400,0,STATISTICAL,78,MISSING,DATASET_ONLY,2026-07-18T03:00:05Z
EQUITY,EUR,TOP400,0,CROWDING,78,MISSING,DATASET_ONLY,2026-07-18T03:00:05Z
EQUITY,EUR,TOP400,0,FAST,78,MISSING,DATASET_ONLY,2026-07-18T03:00:05Z
EQUITY,EUR,TOP400,0,SLOW,78,MISSING,DATASET_ONLY,2026-07-18T03:00:05Z
EQUITY,EUR,TOP400,0,MARKET,78,MISSING,DATASET_ONLY,2026-07-18T03:00:05Z
EQUITY,EUR,TOP400,0,SECTOR,78,MISSING,DATASET_ONLY,2026-07-18T03:00:05Z
EQUITY,EUR,TOP400,0,INDUSTRY,78,MISSING,DATASET_ONLY,2026-07-18T03:00:05Z
EQUITY,EUR,TOP400,0,SUBINDUSTRY,78,MISSING,DATASET_ONLY,2026-07-18T03:00:05Z
EQUITY,EUR,TOP400,0,COUNTRY,78,MISSING,DATASET_ONLY,2026-07-18T03:00:05Z
EQUITY,EUR,TOP400,0,SLOW_AND_FAST,78,MISSING,DATASET_ONLY,2026-07-18T03:00:05Z
EQUITY,EUR,TOP800,0,NONE,78,MISSING,DATASET_ONLY,2026-07-18T03:00:05Z
EQUITY,EUR,TOP800,0,REVERSION_AND_MOMENTUM,78,MISSING,DATASET_ONLY,2026-07-18T03:00:05Z
EQUITY,EUR,TOP800,0,STATISTICAL,78,MISSING,DATASET_ONLY,2026-07-18T03:00:05Z
EQUITY,EUR,TOP800,0,CROWDING,78,MISSING,DATASET_ONLY,2026-07-18T03:00:05Z
EQUITY,EUR,TOP800,0,FAST,78,MISSING,DATASET_ONLY,2026-07-18T03:00:05Z
EQUITY,EUR,TOP800,0,SLOW,78,MISSING,DATASET_ONLY,2026-07-18T03:00:05Z
EQUITY,EUR,TOP800,0,MARKET,78,MISSING,DATASET_ONLY,2026-07-18T03:00:05Z
EQUITY,EUR,TOP800,0,SECTOR,78,MISSING,DATASET_ONLY,2026-07-18T03:00:05Z
EQUITY,EUR,TOP800,0,INDUSTRY,78,MISSING,DATASET_ONLY,2026-07-18T03:00:05Z
EQUITY,EUR,TOP800,0,SUBINDUSTRY,78,MISSING,DATASET_ONLY,2026-07-18T03:00:05Z
EQUITY,EUR,TOP800,0,COUNTRY,78,MISSING,DATASET_ONLY,2026-07-18T03:00:05Z
EQUITY,EUR,TOP800,0,SLOW_AND_FAST,78,MISSING,DATASET_ONLY,2026-07-18T03:00:05Z
EQUITY,EUR,TOPCS1600,0,NONE,78,MISSING,DATASET_ONLY,2026-07-18T03:00:05Z
EQUITY,EUR,TOPCS1600,0,REVERSION_AND_MOMENTUM,78,MISSING,DATASET_ONLY,2026-07-18T03:00:05Z
EQUITY,EUR,TOPCS1600,0,STATISTICAL,78,MISSING,DATASET_ONLY,2026-07-18T03:00:05Z
EQUITY,EUR,TOPCS1600,0,CROWDING,78,MISSING,DATASET_ONLY,2026-07-18T03:00:05Z
EQUITY,EUR,TOPCS1600,0,FAST,78,MISSING,DATASET_ONLY,2026-07-18T03:00:05Z
EQUITY,EUR,TOPCS1600,0,SLOW,78,MISSING,DATASET_ONLY,2026-07-18T03:00:05Z
EQUITY,EUR,TOPCS1600,0,MARKET,78,MISSING,DATASET_ONLY,2026-07-18T03:00:05Z
EQUITY,EUR,TOPCS1600,0,SECTOR,78,MISSING,DATASET_ONLY,2026-07-18T03:00:05Z
EQUITY,EUR,TOPCS1600,0,INDUSTRY,78,MISSING,DATASET_ONLY,2026-07-18T03:00:05Z
EQUITY,EUR,TOPCS1600,0,SUBINDUSTRY,78,MISSING,DATASET_ONLY,2026-07-18T03:00:05Z
EQUITY,EUR,TOPCS1600,0,COUNTRY,78,MISSING,DATASET_ONLY,2026-07-18T03:00:05Z
EQUITY,EUR,TOPCS1600,0,SLOW_AND_FAST,78,MISSING,DATASET_ONLY,2026-07-18T03:00:05Z
EQUITY,EUR,ILLIQUID_MINVOL1M,1,NONE,177,MISSING,DATASET_ONLY,2026-07-18T03:00:05Z
EQUITY,EUR,ILLIQUID_MINVOL1M,1,REVERSION_AND_MOMENTUM,177,MISSING,DATASET_ONLY,2026-07-18T03:00:05Z
EQUITY,EUR,ILLIQUID_MINVOL1M,1,STATISTICAL,177,MISSING,DATASET_ONLY,2026-07-18T03:00:05Z
EQUITY,EUR,ILLIQUID_MINVOL1M,1,CROWDING,177,MISSING,DATASET_ONLY,2026-07-18T03:00:05Z
EQUITY,EUR,ILLIQUID_MINVOL1M,1,FAST,177,MISSING,DATASET_ONLY,2026-07-18T03:00:05Z
EQUITY,EUR,ILLIQUID_MINVOL1M,1,SLOW,177,MISSING,DATASET_ONLY,2026-07-18T03:00:05Z
EQUITY,EUR,ILLIQUID_MINVOL1M,1,MARKET,177,MISSING,DATASET_ONLY,2026-07-18T03:00:05Z
EQUITY,EUR,ILLIQUID_MINVOL1M,1,SECTOR,177,MISSING,DATASET_ONLY,2026-07-18T03:00:05Z
EQUITY,EUR,ILLIQUID_MINVOL1M,1,INDUSTRY,177,MISSING,DATASET_ONLY,2026-07-18T03:00:05Z
EQUITY,EUR,ILLIQUID_MINVOL1M,1,SUBINDUSTRY,177,MISSING,DATASET_ONLY,2026-07-18T03:00:05Z
EQUITY,EUR,ILLIQUID_MINVOL1M,1,COUNTRY,177,MISSING,DATASET_ONLY,2026-07-18T03:00:05Z
EQUITY,EUR,ILLIQUID_MINVOL1M,1,SLOW_AND_FAST,177,MISSING,DATASET_ONLY,2026-07-18T03:00:05Z
EQUITY,EUR,TOP1200,1,NONE,178,MISSING,DATASET_ONLY,2026-07-18T03:00:05Z
EQUITY,EUR,TOP1200,1,REVERSION_AND_MOMENTUM,178,MISSING,DATASET_ONLY,2026-07-18T03:00:05Z
EQUITY,EUR,TOP1200,1,STATISTICAL,178,MISSING,DATASET_ONLY,2026-07-18T03:00:05Z
EQUITY,EUR,TOP1200,1,CROWDING,178,MISSING,DATASET_ONLY,2026-07-18T03:00:05Z
EQUITY,EUR,TOP1200,1,FAST,178,MISSING,DATASET_ONLY,2026-07-18T03:00:05Z
EQUITY,EUR,TOP1200,1,SLOW,178,MISSING,DATASET_ONLY,2026-07-18T03:00:05Z
EQUITY,EUR,TOP1200,1,MARKET,178,MISSING,DATASET_ONLY,2026-07-18T03:00:05Z
EQUITY,EUR,TOP1200,1,SECTOR,178,MISSING,DATASET_ONLY,2026-07-18T03:00:05Z
EQUITY,EUR,TOP1200,1,INDUSTRY,178,MISSING,DATASET_ONLY,2026-07-18T03:00:05Z
EQUITY,EUR,TOP1200,1,SUBINDUSTRY,178,MISSING,DATASET_ONLY,2026-07-18T03:00:05Z
EQUITY,EUR,TOP1200,1,COUNTRY,178,MISSING,DATASET_ONLY,2026-07-18T03:00:05Z
EQUITY,EUR,TOP1200,1,SLOW_AND_FAST,178,MISSING,DATASET_ONLY,2026-07-18T03:00:05Z
EQUITY,EUR,TOP2500,1,NONE,178,MISSING,DATASET_ONLY,2026-07-18T03:00:05Z
EQUITY,EUR,TOP2500,1,REVERSION_AND_MOMENTUM,178,MISSING,DATASET_ONLY,2026-07-18T03:00:05Z
EQUITY,EUR,TOP2500,1,STATISTICAL,178,MISSING,DATASET_ONLY,2026-07-18T03:00:05Z
EQUITY,EUR,TOP2500,1,CROWDING,178,MISSING,DATASET_ONLY,2026-07-18T03:00:05Z
EQUITY,EUR,TOP2500,1,FAST,178,MISSING,DATASET_ONLY,2026-07-18T03:00:05Z
EQUITY,EUR,TOP2500,1,SLOW,178,MISSING,DATASET_ONLY,2026-07-18T03:00:05Z
EQUITY,EUR,TOP2500,1,MARKET,178,MISSING,DATASET_ONLY,2026-07-18T03:00:05Z
EQUITY,EUR,TOP2500,1,SECTOR,178,MISSING,DATASET_ONLY,2026-07-18T03:00:05Z
EQUITY,EUR,TOP2500,1,INDUSTRY,178,MISSING,DATASET_ONLY,2026-07-18T03:00:05Z
EQUITY,EUR,TOP2500,1,SUBINDUSTRY,178,MISSING,DATASET_ONLY,2026-07-18T03:00:05Z
EQUITY,EUR,TOP2500,1,COUNTRY,178,MISSING,DATASET_ONLY,2026-07-18T03:00:05Z
EQUITY,EUR,TOP2500,1,SLOW_AND_FAST,178,MISSING,DATASET_ONLY,2026-07-18T03:00:05Z
EQUITY,EUR,TOP400,1,NONE,178,MISSING,DATASET_ONLY,2026-07-18T03:00:05Z
EQUITY,EUR,TOP400,1,REVERSION_AND_MOMENTUM,178,MISSING,DATASET_ONLY,2026-07-18T03:00:05Z
EQUITY,EUR,TOP400,1,STATISTICAL,178,MISSING,DATASET_ONLY,2026-07-18T03:00:05Z
EQUITY,EUR,TOP400,1,CROWDING,178,MISSING,DATASET_ONLY,2026-07-18T03:00:05Z
EQUITY,EUR,TOP400,1,FAST,178,MISSING,DATASET_ONLY,2026-07-18T03:00:05Z
EQUITY,EUR,TOP400,1,SLOW,178,MISSING,DATASET_ONLY,2026-07-18T03:00:05Z
EQUITY,EUR,TOP400,1,MARKET,178,MISSING,DATASET_ONLY,2026-07-18T03:00:05Z
EQUITY,EUR,TOP400,1,SECTOR,178,MISSING,DATASET_ONLY,2026-07-18T03:00:05Z
EQUITY,EUR,TOP400,1,INDUSTRY,178,MISSING,DATASET_ONLY,2026-07-18T03:00:05Z
EQUITY,EUR,TOP400,1,SUBINDUSTRY,178,MISSING,DATASET_ONLY,2026-07-18T03:00:05Z
EQUITY,EUR,TOP400,1,COUNTRY,178,MISSING,DATASET_ONLY,2026-07-18T03:00:05Z
EQUITY,EUR,TOP400,1,SLOW_AND_FAST,178,MISSING,DATASET_ONLY,2026-07-18T03:00:05Z
EQUITY,EUR,TOP800,1,NONE,178,MISSING,DATASET_ONLY,2026-07-18T03:00:05Z
EQUITY,EUR,TOP800,1,REVERSION_AND_MOMENTUM,178,MISSING,DATASET_ONLY,2026-07-18T03:00:05Z
EQUITY,EUR,TOP800,1,STATISTICAL,178,MISSING,DATASET_ONLY,2026-07-18T03:00:05Z
EQUITY,EUR,TOP800,1,CROWDING,178,MISSING,DATASET_ONLY,2026-07-18T03:00:05Z
EQUITY,EUR,TOP800,1,FAST,178,MISSING,DATASET_ONLY,2026-07-18T03:00:05Z
EQUITY,EUR,TOP800,1,SLOW,178,MISSING,DATASET_ONLY,2026-07-18T03:00:05Z
EQUITY,EUR,TOP800,1,MARKET,178,MISSING,DATASET_ONLY,2026-07-18T03:00:05Z
EQUITY,EUR,TOP800,1,SECTOR,178,MISSING,DATASET_ONLY,2026-07-18T03:00:05Z
EQUITY,EUR,TOP800,1,INDUSTRY,178,MISSING,DATASET_ONLY,2026-07-18T03:00:05Z
EQUITY,EUR,TOP800,1,SUBINDUSTRY,178,MISSING,DATASET_ONLY,2026-07-18T03:00:05Z
EQUITY,EUR,TOP800,1,COUNTRY,178,MISSING,DATASET_ONLY,2026-07-18T03:00:05Z
EQUITY,EUR,TOP800,1,SLOW_AND_FAST,178,MISSING,DATASET_ONLY,2026-07-18T03:00:05Z
EQUITY,EUR,TOPCS1600,1,NONE,178,MISSING,DATASET_ONLY,2026-07-18T03:00:05Z
EQUITY,EUR,TOPCS1600,1,REVERSION_AND_MOMENTUM,178,MISSING,DATASET_ONLY,2026-07-18T03:00:05Z
EQUITY,EUR,TOPCS1600,1,STATISTICAL,178,MISSING,DATASET_ONLY,2026-07-18T03:00:05Z
EQUITY,EUR,TOPCS1600,1,CROWDING,178,MISSING,DATASET_ONLY,2026-07-18T03:00:05Z
EQUITY,EUR,TOPCS1600,1,FAST,178,MISSING,DATASET_ONLY,2026-07-18T03:00:05Z
EQUITY,EUR,TOPCS1600,1,SLOW,178,MISSING,DATASET_ONLY,2026-07-18T03:00:05Z
EQUITY,EUR,TOPCS1600,1,MARKET,178,MISSING,DATASET_ONLY,2026-07-18T03:00:05Z
EQUITY,EUR,TOPCS1600,1,SECTOR,178,MISSING,DATASET_ONLY,2026-07-18T03:00:05Z
EQUITY,EUR,TOPCS1600,1,INDUSTRY,178,MISSING,DATASET_ONLY,2026-07-18T03:00:05Z
EQUITY,EUR,TOPCS1600,1,SUBINDUSTRY,178,MISSING,DATASET_ONLY,2026-07-18T03:00:05Z
EQUITY,EUR,TOPCS1600,1,COUNTRY,178,MISSING,DATASET_ONLY,2026-07-18T03:00:05Z
EQUITY,EUR,TOPCS1600,1,SLOW_AND_FAST,178,MISSING,DATASET_ONLY,2026-07-18T03:00:05Z
EQUITY,GLB,MINVOL10M,1,NONE,138,MISSING,DATASET_ONLY,2026-07-18T03:00:05Z
EQUITY,GLB,MINVOL10M,1,REVERSION_AND_MOMENTUM,138,MISSING,DATASET_ONLY,2026-07-18T03:00:05Z
EQUITY,GLB,MINVOL10M,1,STATISTICAL,138,MISSING,DATASET_ONLY,2026-07-18T03:00:05Z
EQUITY,GLB,MINVOL10M,1,CROWDING,138,MISSING,DATASET_ONLY,2026-07-18T03:00:05Z
EQUITY,GLB,MINVOL10M,1,FAST,138,MISSING,DATASET_ONLY,2026-07-18T03:00:05Z
EQUITY,GLB,MINVOL10M,1,SLOW,138,MISSING,DATASET_ONLY,2026-07-18T03:00:05Z
EQUITY,GLB,MINVOL10M,1,MARKET,138,MISSING,DATASET_ONLY,2026-07-18T03:00:05Z
EQUITY,GLB,MINVOL10M,1,SECTOR,138,MISSING,DATASET_ONLY,2026-07-18T03:00:05Z
EQUITY,GLB,MINVOL10M,1,INDUSTRY,138,MISSING,DATASET_ONLY,2026-07-18T03:00:05Z
EQUITY,GLB,MINVOL10M,1,SUBINDUSTRY,138,MISSING,DATASET_ONLY,2026-07-18T03:00:05Z
EQUITY,GLB,MINVOL10M,1,COUNTRY,138,MISSING,DATASET_ONLY,2026-07-18T03:00:05Z
EQUITY,GLB,MINVOL10M,1,SLOW_AND_FAST,138,MISSING,DATASET_ONLY,2026-07-18T03:00:05Z
EQUITY,GLB,MINVOL1M,1,NONE,138,MISSING,DATASET_ONLY,2026-07-18T03:00:05Z
EQUITY,GLB,MINVOL1M,1,REVERSION_AND_MOMENTUM,138,MISSING,DATASET_ONLY,2026-07-18T03:00:05Z
EQUITY,GLB,MINVOL1M,1,STATISTICAL,138,MISSING,DATASET_ONLY,2026-07-18T03:00:05Z
EQUITY,GLB,MINVOL1M,1,CROWDING,138,MISSING,DATASET_ONLY,2026-07-18T03:00:05Z
EQUITY,GLB,MINVOL1M,1,FAST,138,MISSING,DATASET_ONLY,2026-07-18T03:00:05Z
EQUITY,GLB,MINVOL1M,1,SLOW,138,MISSING,DATASET_ONLY,2026-07-18T03:00:05Z
EQUITY,GLB,MINVOL1M,1,MARKET,138,MISSING,DATASET_ONLY,2026-07-18T03:00:05Z
EQUITY,GLB,MINVOL1M,1,SECTOR,138,MISSING,DATASET_ONLY,2026-07-18T03:00:05Z
EQUITY,GLB,MINVOL1M,1,INDUSTRY,138,MISSING,DATASET_ONLY,2026-07-18T03:00:05Z
EQUITY,GLB,MINVOL1M,1,SUBINDUSTRY,138,MISSING,DATASET_ONLY,2026-07-18T03:00:05Z
EQUITY,GLB,MINVOL1M,1,COUNTRY,138,MISSING,DATASET_ONLY,2026-07-18T03:00:05Z
EQUITY,GLB,MINVOL1M,1,SLOW_AND_FAST,138,MISSING,DATASET_ONLY,2026-07-18T03:00:05Z
EQUITY,GLB,TOP3000,1,NONE,138,MISSING,DATASET_ONLY,2026-07-18T03:00:05Z
EQUITY,GLB,TOP3000,1,REVERSION_AND_MOMENTUM,138,MISSING,DATASET_ONLY,2026-07-18T03:00:05Z
EQUITY,GLB,TOP3000,1,STATISTICAL,138,MISSING,DATASET_ONLY,2026-07-18T03:00:05Z
EQUITY,GLB,TOP3000,1,CROWDING,138,MISSING,DATASET_ONLY,2026-07-18T03:00:05Z
EQUITY,GLB,TOP3000,1,FAST,138,MISSING,DATASET_ONLY,2026-07-18T03:00:05Z
EQUITY,GLB,TOP3000,1,SLOW,138,MISSING,DATASET_ONLY,2026-07-18T03:00:05Z
EQUITY,GLB,TOP3000,1,MARKET,138,MISSING,DATASET_ONLY,2026-07-18T03:00:05Z
EQUITY,GLB,TOP3000,1,SECTOR,138,MISSING,DATASET_ONLY,2026-07-18T03:00:05Z
EQUITY,GLB,TOP3000,1,INDUSTRY,138,MISSING,DATASET_ONLY,2026-07-18T03:00:05Z
EQUITY,GLB,TOP3000,1,SUBINDUSTRY,138,MISSING,DATASET_ONLY,2026-07-18T03:00:05Z
EQUITY,GLB,TOP3000,1,COUNTRY,138,MISSING,DATASET_ONLY,2026-07-18T03:00:05Z
EQUITY,GLB,TOP3000,1,SLOW_AND_FAST,138,MISSING,DATASET_ONLY,2026-07-18T03:00:05Z
EQUITY,GLB,TOPDIV3000,1,NONE,138,MISSING,DATASET_ONLY,2026-07-18T03:00:05Z
EQUITY,GLB,TOPDIV3000,1,REVERSION_AND_MOMENTUM,138,MISSING,DATASET_ONLY,2026-07-18T03:00:05Z
EQUITY,GLB,TOPDIV3000,1,STATISTICAL,138,MISSING,DATASET_ONLY,2026-07-18T03:00:05Z
EQUITY,GLB,TOPDIV3000,1,CROWDING,138,MISSING,DATASET_ONLY,2026-07-18T03:00:05Z
EQUITY,GLB,TOPDIV3000,1,FAST,138,MISSING,DATASET_ONLY,2026-07-18T03:00:05Z
EQUITY,GLB,TOPDIV3000,1,SLOW,138,MISSING,DATASET_ONLY,2026-07-18T03:00:05Z
EQUITY,GLB,TOPDIV3000,1,MARKET,138,MISSING,DATASET_ONLY,2026-07-18T03:00:05Z
EQUITY,GLB,TOPDIV3000,1,SECTOR,138,MISSING,DATASET_ONLY,2026-07-18T03:00:05Z
EQUITY,GLB,TOPDIV3000,1,INDUSTRY,138,MISSING,DATASET_ONLY,2026-07-18T03:00:05Z
EQUITY,GLB,TOPDIV3000,1,SUBINDUSTRY,138,MISSING,DATASET_ONLY,2026-07-18T03:00:05Z
EQUITY,GLB,TOPDIV3000,1,COUNTRY,138,MISSING,DATASET_ONLY,2026-07-18T03:00:05Z
EQUITY,GLB,TOPDIV3000,1,SLOW_AND_FAST,138,MISSING,DATASET_ONLY,2026-07-18T03:00:05Z
EQUITY,IND,TOP500,1,NONE,143,MISSING,DATASET_ONLY,2026-07-18T03:00:05Z
EQUITY,IND,TOP500,1,REVERSION_AND_MOMENTUM,143,MISSING,DATASET_ONLY,2026-07-18T03:00:05Z
EQUITY,IND,TOP500,1,STATISTICAL,143,MISSING,DATASET_ONLY,2026-07-18T03:00:05Z
EQUITY,IND,TOP500,1,CROWDING,143,MISSING,DATASET_ONLY,2026-07-18T03:00:05Z
EQUITY,IND,TOP500,1,FAST,143,MISSING,DATASET_ONLY,2026-07-18T03:00:05Z
EQUITY,IND,TOP500,1,SLOW,143,MISSING,DATASET_ONLY,2026-07-18T03:00:05Z
EQUITY,IND,TOP500,1,MARKET,143,MISSING,DATASET_ONLY,2026-07-18T03:00:05Z
EQUITY,IND,TOP500,1,SECTOR,143,MISSING,DATASET_ONLY,2026-07-18T03:00:05Z
EQUITY,IND,TOP500,1,INDUSTRY,143,MISSING,DATASET_ONLY,2026-07-18T03:00:05Z
EQUITY,IND,TOP500,1,SUBINDUSTRY,143,MISSING,DATASET_ONLY,2026-07-18T03:00:05Z
EQUITY,IND,TOP500,1,SLOW_AND_FAST,143,MISSING,DATASET_ONLY,2026-07-18T03:00:05Z
EQUITY,JPN,TOP1200,0,NONE,64,MISSING,DATASET_ONLY,2026-07-18T03:00:05Z
EQUITY,JPN,TOP1200,0,REVERSION_AND_MOMENTUM,64,MISSING,DATASET_ONLY,2026-07-18T03:00:05Z
EQUITY,JPN,TOP1200,0,STATISTICAL,64,MISSING,DATASET_ONLY,2026-07-18T03:00:05Z
EQUITY,JPN,TOP1200,0,CROWDING,64,MISSING,DATASET_ONLY,2026-07-18T03:00:05Z
EQUITY,JPN,TOP1200,0,FAST,64,MISSING,DATASET_ONLY,2026-07-18T03:00:05Z
EQUITY,JPN,TOP1200,0,SLOW,64,MISSING,DATASET_ONLY,2026-07-18T03:00:05Z
EQUITY,JPN,TOP1200,0,MARKET,64,MISSING,DATASET_ONLY,2026-07-18T03:00:05Z
EQUITY,JPN,TOP1200,0,SECTOR,64,MISSING,DATASET_ONLY,2026-07-18T03:00:05Z
EQUITY,JPN,TOP1200,0,INDUSTRY,64,MISSING,DATASET_ONLY,2026-07-18T03:00:05Z
EQUITY,JPN,TOP1200,0,SUBINDUSTRY,64,MISSING,DATASET_ONLY,2026-07-18T03:00:05Z
EQUITY,JPN,TOP1200,0,SLOW_AND_FAST,64,MISSING,DATASET_ONLY,2026-07-18T03:00:05Z
EQUITY,JPN,TOP1600,0,NONE,64,MISSING,DATASET_ONLY,2026-07-18T03:00:05Z
EQUITY,JPN,TOP1600,0,REVERSION_AND_MOMENTUM,64,MISSING,DATASET_ONLY,2026-07-18T03:00:05Z
EQUITY,JPN,TOP1600,0,STATISTICAL,64,MISSING,DATASET_ONLY,2026-07-18T03:00:05Z
EQUITY,JPN,TOP1600,0,CROWDING,64,MISSING,DATASET_ONLY,2026-07-18T03:00:05Z
EQUITY,JPN,TOP1600,0,FAST,64,MISSING,DATASET_ONLY,2026-07-18T03:00:05Z
EQUITY,JPN,TOP1600,0,SLOW,64,MISSING,DATASET_ONLY,2026-07-18T03:00:05Z
EQUITY,JPN,TOP1600,0,MARKET,64,MISSING,DATASET_ONLY,2026-07-18T03:00:05Z
EQUITY,JPN,TOP1600,0,SECTOR,64,MISSING,DATASET_ONLY,2026-07-18T03:00:05Z
EQUITY,JPN,TOP1600,0,INDUSTRY,64,MISSING,DATASET_ONLY,2026-07-18T03:00:05Z
EQUITY,JPN,TOP1600,0,SUBINDUSTRY,64,MISSING,DATASET_ONLY,2026-07-18T03:00:05Z
EQUITY,JPN,TOP1600,0,SLOW_AND_FAST,64,MISSING,DATASET_ONLY,2026-07-18T03:00:05Z
EQUITY,JPN,TOP1200,1,NONE,213,MISSING,DATASET_ONLY,2026-07-18T03:00:05Z
EQUITY,JPN,TOP1200,1,REVERSION_AND_MOMENTUM,213,MISSING,DATASET_ONLY,2026-07-18T03:00:05Z
EQUITY,JPN,TOP1200,1,STATISTICAL,213,MISSING,DATASET_ONLY,2026-07-18T03:00:05Z
EQUITY,JPN,TOP1200,1,CROWDING,213,MISSING,DATASET_ONLY,2026-07-18T03:00:05Z
EQUITY,JPN,TOP1200,1,FAST,213,MISSING,DATASET_ONLY,2026-07-18T03:00:05Z
EQUITY,JPN,TOP1200,1,SLOW,213,MISSING,DATASET_ONLY,2026-07-18T03:00:05Z
EQUITY,JPN,TOP1200,1,MARKET,213,MISSING,DATASET_ONLY,2026-07-18T03:00:05Z
EQUITY,JPN,TOP1200,1,SECTOR,213,MISSING,DATASET_ONLY,2026-07-18T03:00:05Z
EQUITY,JPN,TOP1200,1,INDUSTRY,213,MISSING,DATASET_ONLY,2026-07-18T03:00:05Z
EQUITY,JPN,TOP1200,1,SUBINDUSTRY,213,MISSING,DATASET_ONLY,2026-07-18T03:00:05Z
EQUITY,JPN,TOP1200,1,SLOW_AND_FAST,213,MISSING,DATASET_ONLY,2026-07-18T03:00:05Z
EQUITY,JPN,TOP1600,1,NONE,213,MISSING,DATASET_ONLY,2026-07-18T03:00:05Z
EQUITY,JPN,TOP1600,1,REVERSION_AND_MOMENTUM,213,MISSING,DATASET_ONLY,2026-07-18T03:00:05Z
EQUITY,JPN,TOP1600,1,STATISTICAL,213,MISSING,DATASET_ONLY,2026-07-18T03:00:05Z
EQUITY,JPN,TOP1600,1,CROWDING,213,MISSING,DATASET_ONLY,2026-07-18T03:00:05Z
EQUITY,JPN,TOP1600,1,FAST,213,MISSING,DATASET_ONLY,2026-07-18T03:00:05Z
EQUITY,JPN,TOP1600,1,SLOW,213,MISSING,DATASET_ONLY,2026-07-18T03:00:05Z
EQUITY,JPN,TOP1600,1,MARKET,213,MISSING,DATASET_ONLY,2026-07-18T03:00:05Z
EQUITY,JPN,TOP1600,1,SECTOR,213,MISSING,DATASET_ONLY,2026-07-18T03:00:05Z
EQUITY,JPN,TOP1600,1,INDUSTRY,213,MISSING,DATASET_ONLY,2026-07-18T03:00:05Z
EQUITY,JPN,TOP1600,1,SUBINDUSTRY,213,MISSING,DATASET_ONLY,2026-07-18T03:00:05Z
EQUITY,JPN,TOP1600,1,SLOW_AND_FAST,213,MISSING,DATASET_ONLY,2026-07-18T03:00:05Z
EQUITY,MEA,TOP300,1,NONE,16,MISSING,DATASET_ONLY,2026-07-18T03:00:05Z
EQUITY,MEA,TOP300,1,MARKET,16,MISSING,DATASET_ONLY,2026-07-18T03:00:05Z
EQUITY,MEA,TOP300,1,SECTOR,16,MISSING,DATASET_ONLY,2026-07-18T03:00:05Z
EQUITY,MEA,TOP300,1,INDUSTRY,16,MISSING,DATASET_ONLY,2026-07-18T03:00:05Z
EQUITY,MEA,TOP300,1,SUBINDUSTRY,16,MISSING,DATASET_ONLY,2026-07-18T03:00:05Z
EQUITY,MEA,TOP300,1,COUNTRY,16,MISSING,DATASET_ONLY,2026-07-18T03:00:05Z
EQUITY,MEA,TOP400,1,NONE,16,MISSING,DATASET_ONLY,2026-07-18T03:00:05Z
EQUITY,MEA,TOP400,1,MARKET,16,MISSING,DATASET_ONLY,2026-07-18T03:00:05Z
EQUITY,MEA,TOP400,1,SECTOR,16,MISSING,DATASET_ONLY,2026-07-18T03:00:05Z
EQUITY,MEA,TOP400,1,INDUSTRY,16,MISSING,DATASET_ONLY,2026-07-18T03:00:05Z
EQUITY,MEA,TOP400,1,SUBINDUSTRY,16,MISSING,DATASET_ONLY,2026-07-18T03:00:05Z
EQUITY,MEA,TOP400,1,COUNTRY,16,MISSING,DATASET_ONLY,2026-07-18T03:00:05Z
EQUITY,USA,ILLIQUID_MINVOL1M,0,NONE,121,MISSING,DATASET_ONLY,2026-07-18T03:00:05Z
EQUITY,USA,ILLIQUID_MINVOL1M,0,REVERSION_AND_MOMENTUM,121,MISSING,DATASET_ONLY,2026-07-18T03:00:05Z
EQUITY,USA,ILLIQUID_MINVOL1M,0,STATISTICAL,121,MISSING,DATASET_ONLY,2026-07-18T03:00:05Z
EQUITY,USA,ILLIQUID_MINVOL1M,0,CROWDING,121,MISSING,DATASET_ONLY,2026-07-18T03:00:05Z
EQUITY,USA,ILLIQUID_MINVOL1M,0,FAST,121,MISSING,DATASET_ONLY,2026-07-18T03:00:05Z
EQUITY,USA,ILLIQUID_MINVOL1M,0,SLOW,121,MISSING,DATASET_ONLY,2026-07-18T03:00:05Z
EQUITY,USA,ILLIQUID_MINVOL1M,0,MARKET,121,MISSING,DATASET_ONLY,2026-07-18T03:00:05Z
EQUITY,USA,ILLIQUID_MINVOL1M,0,SECTOR,121,MISSING,DATASET_ONLY,2026-07-18T03:00:05Z
EQUITY,USA,ILLIQUID_MINVOL1M,0,INDUSTRY,121,MISSING,DATASET_ONLY,2026-07-18T03:00:05Z
EQUITY,USA,ILLIQUID_MINVOL1M,0,SUBINDUSTRY,121,MISSING,DATASET_ONLY,2026-07-18T03:00:05Z
EQUITY,USA,ILLIQUID_MINVOL1M,0,SLOW_AND_FAST,121,MISSING,DATASET_ONLY,2026-07-18T03:00:05Z
EQUITY,USA,TOP1000,0,NONE,124,MISSING,DATASET_ONLY,2026-07-18T03:00:05Z
EQUITY,USA,TOP1000,0,REVERSION_AND_MOMENTUM,124,MISSING,DATASET_ONLY,2026-07-18T03:00:05Z
EQUITY,USA,TOP1000,0,STATISTICAL,124,MISSING,DATASET_ONLY,2026-07-18T03:00:05Z
EQUITY,USA,TOP1000,0,CROWDING,124,MISSING,DATASET_ONLY,2026-07-18T03:00:05Z
EQUITY,USA,TOP1000,0,FAST,124,MISSING,DATASET_ONLY,2026-07-18T03:00:05Z
EQUITY,USA,TOP1000,0,SLOW,124,MISSING,DATASET_ONLY,2026-07-18T03:00:05Z
EQUITY,USA,TOP1000,0,MARKET,124,MISSING,DATASET_ONLY,2026-07-18T03:00:05Z
EQUITY,USA,TOP1000,0,SECTOR,124,MISSING,DATASET_ONLY,2026-07-18T03:00:05Z
EQUITY,USA,TOP1000,0,INDUSTRY,124,MISSING,DATASET_ONLY,2026-07-18T03:00:05Z
EQUITY,USA,TOP1000,0,SUBINDUSTRY,124,MISSING,DATASET_ONLY,2026-07-18T03:00:05Z
EQUITY,USA,TOP1000,0,SLOW_AND_FAST,124,MISSING,DATASET_ONLY,2026-07-18T03:00:05Z
EQUITY,USA,TOP200,0,NONE,124,MISSING,DATASET_ONLY,2026-07-18T03:00:05Z
EQUITY,USA,TOP200,0,REVERSION_AND_MOMENTUM,124,MISSING,DATASET_ONLY,2026-07-18T03:00:05Z
EQUITY,USA,TOP200,0,STATISTICAL,124,MISSING,DATASET_ONLY,2026-07-18T03:00:05Z
EQUITY,USA,TOP200,0,CROWDING,124,MISSING,DATASET_ONLY,2026-07-18T03:00:05Z
EQUITY,USA,TOP200,0,FAST,124,MISSING,DATASET_ONLY,2026-07-18T03:00:05Z
EQUITY,USA,TOP200,0,SLOW,124,MISSING,DATASET_ONLY,2026-07-18T03:00:05Z
EQUITY,USA,TOP200,0,MARKET,124,MISSING,DATASET_ONLY,2026-07-18T03:00:05Z
EQUITY,USA,TOP200,0,SECTOR,124,MISSING,DATASET_ONLY,2026-07-18T03:00:05Z
EQUITY,USA,TOP200,0,INDUSTRY,124,MISSING,DATASET_ONLY,2026-07-18T03:00:05Z
EQUITY,USA,TOP200,0,SUBINDUSTRY,124,MISSING,DATASET_ONLY,2026-07-18T03:00:05Z
EQUITY,USA,TOP200,0,SLOW_AND_FAST,124,MISSING,DATASET_ONLY,2026-07-18T03:00:05Z
EQUITY,USA,TOP2000,0,NONE,124,MISSING,DATASET_ONLY,2026-07-18T03:00:05Z
EQUITY,USA,TOP2000,0,REVERSION_AND_MOMENTUM,124,MISSING,DATASET_ONLY,2026-07-18T03:00:05Z
EQUITY,USA,TOP2000,0,STATISTICAL,124,MISSING,DATASET_ONLY,2026-07-18T03:00:05Z
EQUITY,USA,TOP2000,0,CROWDING,124,MISSING,DATASET_ONLY,2026-07-18T03:00:05Z
EQUITY,USA,TOP2000,0,FAST,124,MISSING,DATASET_ONLY,2026-07-18T03:00:05Z
EQUITY,USA,TOP2000,0,SLOW,124,MISSING,DATASET_ONLY,2026-07-18T03:00:05Z
EQUITY,USA,TOP2000,0,MARKET,124,MISSING,DATASET_ONLY,2026-07-18T03:00:05Z
EQUITY,USA,TOP2000,0,SECTOR,124,MISSING,DATASET_ONLY,2026-07-18T03:00:05Z
EQUITY,USA,TOP2000,0,INDUSTRY,124,MISSING,DATASET_ONLY,2026-07-18T03:00:05Z
EQUITY,USA,TOP2000,0,SUBINDUSTRY,124,MISSING,DATASET_ONLY,2026-07-18T03:00:05Z
EQUITY,USA,TOP2000,0,SLOW_AND_FAST,124,MISSING,DATASET_ONLY,2026-07-18T03:00:05Z
EQUITY,USA,TOP3000,0,NONE,124,MISSING,DATASET_ONLY,2026-07-18T03:00:05Z
EQUITY,USA,TOP3000,0,REVERSION_AND_MOMENTUM,124,MISSING,DATASET_ONLY,2026-07-18T03:00:05Z
EQUITY,USA,TOP3000,0,STATISTICAL,124,MISSING,DATASET_ONLY,2026-07-18T03:00:05Z
EQUITY,USA,TOP3000,0,CROWDING,124,MISSING,DATASET_ONLY,2026-07-18T03:00:05Z
EQUITY,USA,TOP3000,0,FAST,124,MISSING,DATASET_ONLY,2026-07-18T03:00:05Z
EQUITY,USA,TOP3000,0,SLOW,124,MISSING,DATASET_ONLY,2026-07-18T03:00:05Z
EQUITY,USA,TOP3000,0,MARKET,124,MISSING,DATASET_ONLY,2026-07-18T03:00:05Z
EQUITY,USA,TOP3000,0,SECTOR,124,MISSING,DATASET_ONLY,2026-07-18T03:00:05Z
EQUITY,USA,TOP3000,0,INDUSTRY,124,MISSING,DATASET_ONLY,2026-07-18T03:00:05Z
EQUITY,USA,TOP3000,0,SUBINDUSTRY,124,MISSING,DATASET_ONLY,2026-07-18T03:00:05Z
EQUITY,USA,TOP3000,0,SLOW_AND_FAST,124,MISSING,DATASET_ONLY,2026-07-18T03:00:05Z
EQUITY,USA,TOP500,0,NONE,124,MISSING,DATASET_ONLY,2026-07-18T03:00:05Z
EQUITY,USA,TOP500,0,REVERSION_AND_MOMENTUM,124,MISSING,DATASET_ONLY,2026-07-18T03:00:05Z
EQUITY,USA,TOP500,0,STATISTICAL,124,MISSING,DATASET_ONLY,2026-07-18T03:00:05Z
EQUITY,USA,TOP500,0,CROWDING,124,MISSING,DATASET_ONLY,2026-07-18T03:00:05Z
EQUITY,USA,TOP500,0,FAST,124,MISSING,DATASET_ONLY,2026-07-18T03:00:05Z
EQUITY,USA,TOP500,0,SLOW,124,MISSING,DATASET_ONLY,2026-07-18T03:00:05Z
EQUITY,USA,TOP500,0,MARKET,124,MISSING,DATASET_ONLY,2026-07-18T03:00:05Z
EQUITY,USA,TOP500,0,SECTOR,124,MISSING,DATASET_ONLY,2026-07-18T03:00:05Z
EQUITY,USA,TOP500,0,INDUSTRY,124,MISSING,DATASET_ONLY,2026-07-18T03:00:05Z
EQUITY,USA,TOP500,0,SUBINDUSTRY,124,MISSING,DATASET_ONLY,2026-07-18T03:00:05Z
EQUITY,USA,TOP500,0,SLOW_AND_FAST,124,MISSING,DATASET_ONLY,2026-07-18T03:00:05Z
EQUITY,USA,TOPSP500,0,NONE,124,MISSING,DATASET_ONLY,2026-07-18T03:00:05Z
EQUITY,USA,TOPSP500,0,REVERSION_AND_MOMENTUM,124,MISSING,DATASET_ONLY,2026-07-18T03:00:05Z
EQUITY,USA,TOPSP500,0,STATISTICAL,124,MISSING,DATASET_ONLY,2026-07-18T03:00:05Z
EQUITY,USA,TOPSP500,0,CROWDING,124,MISSING,DATASET_ONLY,2026-07-18T03:00:05Z
EQUITY,USA,TOPSP500,0,FAST,124,MISSING,DATASET_ONLY,2026-07-18T03:00:05Z
EQUITY,USA,TOPSP500,0,SLOW,124,MISSING,DATASET_ONLY,2026-07-18T03:00:05Z
EQUITY,USA,TOPSP500,0,MARKET,124,MISSING,DATASET_ONLY,2026-07-18T03:00:05Z
EQUITY,USA,TOPSP500,0,SECTOR,124,MISSING,DATASET_ONLY,2026-07-18T03:00:05Z
EQUITY,USA,TOPSP500,0,INDUSTRY,124,MISSING,DATASET_ONLY,2026-07-18T03:00:05Z
EQUITY,USA,TOPSP500,0,SUBINDUSTRY,124,MISSING,DATASET_ONLY,2026-07-18T03:00:05Z
EQUITY,USA,TOPSP500,0,SLOW_AND_FAST,124,MISSING,DATASET_ONLY,2026-07-18T03:00:05Z
EQUITY,USA,ILLIQUID_MINVOL1M,1,NONE,295,MISSING,DATASET_ONLY,2026-07-18T03:00:05Z
EQUITY,USA,ILLIQUID_MINVOL1M,1,REVERSION_AND_MOMENTUM,295,MISSING,DATASET_ONLY,2026-07-18T03:00:05Z
EQUITY,USA,ILLIQUID_MINVOL1M,1,STATISTICAL,295,MISSING,DATASET_ONLY,2026-07-18T03:00:05Z
EQUITY,USA,ILLIQUID_MINVOL1M,1,CROWDING,295,MISSING,DATASET_ONLY,2026-07-18T03:00:05Z
EQUITY,USA,ILLIQUID_MINVOL1M,1,FAST,295,MISSING,DATASET_ONLY,2026-07-18T03:00:05Z
EQUITY,USA,ILLIQUID_MINVOL1M,1,SLOW,295,MISSING,DATASET_ONLY,2026-07-18T03:00:05Z
EQUITY,USA,ILLIQUID_MINVOL1M,1,MARKET,295,MISSING,DATASET_ONLY,2026-07-18T03:00:05Z
EQUITY,USA,ILLIQUID_MINVOL1M,1,SECTOR,295,MISSING,DATASET_ONLY,2026-07-18T03:00:05Z
EQUITY,USA,ILLIQUID_MINVOL1M,1,INDUSTRY,295,MISSING,DATASET_ONLY,2026-07-18T03:00:05Z
EQUITY,USA,ILLIQUID_MINVOL1M,1,SUBINDUSTRY,295,MISSING,DATASET_ONLY,2026-07-18T03:00:05Z
EQUITY,USA,ILLIQUID_MINVOL1M,1,SLOW_AND_FAST,295,MISSING,DATASET_ONLY,2026-07-18T03:00:05Z
EQUITY,USA,TOP1000,1,NONE,299,MISSING,DATASET_ONLY,2026-07-18T03:00:05Z
EQUITY,USA,TOP1000,1,REVERSION_AND_MOMENTUM,299,MISSING,DATASET_ONLY,2026-07-18T03:00:05Z
EQUITY,USA,TOP1000,1,STATISTICAL,299,MISSING,DATASET_ONLY,2026-07-18T03:00:05Z
EQUITY,USA,TOP1000,1,CROWDING,299,MISSING,DATASET_ONLY,2026-07-18T03:00:05Z
EQUITY,USA,TOP1000,1,FAST,299,MISSING,DATASET_ONLY,2026-07-18T03:00:05Z
EQUITY,USA,TOP1000,1,SLOW,299,MISSING,DATASET_ONLY,2026-07-18T03:00:05Z
EQUITY,USA,TOP1000,1,MARKET,299,MISSING,DATASET_ONLY,2026-07-18T03:00:05Z
EQUITY,USA,TOP1000,1,SECTOR,299,MISSING,DATASET_ONLY,2026-07-18T03:00:05Z
EQUITY,USA,TOP1000,1,INDUSTRY,299,MISSING,DATASET_ONLY,2026-07-18T03:00:05Z
EQUITY,USA,TOP1000,1,SUBINDUSTRY,299,MISSING,DATASET_ONLY,2026-07-18T03:00:05Z
EQUITY,USA,TOP1000,1,SLOW_AND_FAST,299,MISSING,DATASET_ONLY,2026-07-18T03:00:05Z
EQUITY,USA,TOP200,1,NONE,299,MISSING,DATASET_ONLY,2026-07-18T03:00:05Z
EQUITY,USA,TOP200,1,REVERSION_AND_MOMENTUM,299,MISSING,DATASET_ONLY,2026-07-18T03:00:05Z
EQUITY,USA,TOP200,1,STATISTICAL,299,MISSING,DATASET_ONLY,2026-07-18T03:00:05Z
EQUITY,USA,TOP200,1,CROWDING,299,MISSING,DATASET_ONLY,2026-07-18T03:00:05Z
EQUITY,USA,TOP200,1,FAST,299,MISSING,DATASET_ONLY,2026-07-18T03:00:05Z
EQUITY,USA,TOP200,1,SLOW,299,MISSING,DATASET_ONLY,2026-07-18T03:00:05Z
EQUITY,USA,TOP200,1,MARKET,299,MISSING,DATASET_ONLY,2026-07-18T03:00:05Z
EQUITY,USA,TOP200,1,SECTOR,299,MISSING,DATASET_ONLY,2026-07-18T03:00:05Z
EQUITY,USA,TOP200,1,INDUSTRY,299,MISSING,DATASET_ONLY,2026-07-18T03:00:05Z
EQUITY,USA,TOP200,1,SUBINDUSTRY,299,MISSING,DATASET_ONLY,2026-07-18T03:00:05Z
EQUITY,USA,TOP200,1,SLOW_AND_FAST,299,MISSING,DATASET_ONLY,2026-07-18T03:00:05Z
EQUITY,USA,TOP2000,1,NONE,299,MISSING,DATASET_ONLY,2026-07-18T03:00:05Z
EQUITY,USA,TOP2000,1,REVERSION_AND_MOMENTUM,299,MISSING,DATASET_ONLY,2026-07-18T03:00:05Z
EQUITY,USA,TOP2000,1,STATISTICAL,299,MISSING,DATASET_ONLY,2026-07-18T03:00:05Z
EQUITY,USA,TOP2000,1,CROWDING,299,MISSING,DATASET_ONLY,2026-07-18T03:00:05Z
EQUITY,USA,TOP2000,1,FAST,299,MISSING,DATASET_ONLY,2026-07-18T03:00:05Z
EQUITY,USA,TOP2000,1,SLOW,299,MISSING,DATASET_ONLY,2026-07-18T03:00:05Z
EQUITY,USA,TOP2000,1,MARKET,299,MISSING,DATASET_ONLY,2026-07-18T03:00:05Z
EQUITY,USA,TOP2000,1,SECTOR,299,MISSING,DATASET_ONLY,2026-07-18T03:00:05Z
EQUITY,USA,TOP2000,1,INDUSTRY,299,MISSING,DATASET_ONLY,2026-07-18T03:00:05Z
EQUITY,USA,TOP2000,1,SUBINDUSTRY,299,MISSING,DATASET_ONLY,2026-07-18T03:00:05Z
EQUITY,USA,TOP2000,1,SLOW_AND_FAST,299,MISSING,DATASET_ONLY,2026-07-18T03:00:05Z
EQUITY,USA,TOP3000,1,NONE,299,COMPLETE,COMPLETE,2026-07-18T03:00:05Z
EQUITY,USA,TOP3000,1,REVERSION_AND_MOMENTUM,299,COMPLETE,COMPLETE,2026-07-18T03:00:05Z
EQUITY,USA,TOP3000,1,STATISTICAL,299,COMPLETE,COMPLETE,2026-07-18T03:00:05Z
EQUITY,USA,TOP3000,1,CROWDING,299,COMPLETE,COMPLETE,2026-07-18T03:00:05Z
EQUITY,USA,TOP3000,1,FAST,299,COMPLETE,COMPLETE,2026-07-18T03:00:05Z
EQUITY,USA,TOP3000,1,SLOW,299,COMPLETE,COMPLETE,2026-07-18T03:00:05Z
EQUITY,USA,TOP3000,1,MARKET,299,COMPLETE,COMPLETE,2026-07-18T03:00:05Z
EQUITY,USA,TOP3000,1,SECTOR,299,COMPLETE,COMPLETE,2026-07-18T03:00:05Z
EQUITY,USA,TOP3000,1,INDUSTRY,299,COMPLETE,COMPLETE,2026-07-18T03:00:05Z
EQUITY,USA,TOP3000,1,SUBINDUSTRY,299,COMPLETE,COMPLETE,2026-07-18T03:00:05Z
EQUITY,USA,TOP3000,1,SLOW_AND_FAST,299,COMPLETE,COMPLETE,2026-07-18T03:00:05Z
EQUITY,USA,TOP500,1,NONE,299,MISSING,DATASET_ONLY,2026-07-18T03:00:05Z
EQUITY,USA,TOP500,1,REVERSION_AND_MOMENTUM,299,MISSING,DATASET_ONLY,2026-07-18T03:00:05Z
EQUITY,USA,TOP500,1,STATISTICAL,299,MISSING,DATASET_ONLY,2026-07-18T03:00:05Z
EQUITY,USA,TOP500,1,CROWDING,299,MISSING,DATASET_ONLY,2026-07-18T03:00:05Z
EQUITY,USA,TOP500,1,FAST,299,MISSING,DATASET_ONLY,2026-07-18T03:00:05Z
EQUITY,USA,TOP500,1,SLOW,299,MISSING,DATASET_ONLY,2026-07-18T03:00:05Z
EQUITY,USA,TOP500,1,MARKET,299,MISSING,DATASET_ONLY,2026-07-18T03:00:05Z
EQUITY,USA,TOP500,1,SECTOR,299,MISSING,DATASET_ONLY,2026-07-18T03:00:05Z
EQUITY,USA,TOP500,1,INDUSTRY,299,MISSING,DATASET_ONLY,2026-07-18T03:00:05Z
EQUITY,USA,TOP500,1,SUBINDUSTRY,299,MISSING,DATASET_ONLY,2026-07-18T03:00:05Z
EQUITY,USA,TOP500,1,SLOW_AND_FAST,299,MISSING,DATASET_ONLY,2026-07-18T03:00:05Z
EQUITY,USA,TOPSP500,1,NONE,299,MISSING,DATASET_ONLY,2026-07-18T03:00:05Z
EQUITY,USA,TOPSP500,1,REVERSION_AND_MOMENTUM,299,MISSING,DATASET_ONLY,2026-07-18T03:00:05Z
EQUITY,USA,TOPSP500,1,STATISTICAL,299,MISSING,DATASET_ONLY,2026-07-18T03:00:05Z
EQUITY,USA,TOPSP500,1,CROWDING,299,MISSING,DATASET_ONLY,2026-07-18T03:00:05Z
EQUITY,USA,TOPSP500,1,FAST,299,MISSING,DATASET_ONLY,2026-07-18T03:00:05Z
EQUITY,USA,TOPSP500,1,SLOW,299,MISSING,DATASET_ONLY,2026-07-18T03:00:05Z
EQUITY,USA,TOPSP500,1,MARKET,299,MISSING,DATASET_ONLY,2026-07-18T03:00:05Z
EQUITY,USA,TOPSP500,1,SECTOR,299,MISSING,DATASET_ONLY,2026-07-18T03:00:05Z
EQUITY,USA,TOPSP500,1,INDUSTRY,299,MISSING,DATASET_ONLY,2026-07-18T03:00:05Z
EQUITY,USA,TOPSP500,1,SUBINDUSTRY,299,MISSING,DATASET_ONLY,2026-07-18T03:00:05Z
EQUITY,USA,TOPSP500,1,SLOW_AND_FAST,299,MISSING,DATASET_ONLY,2026-07-18T03:00:05Z
